{
  "S0": {
    "P0": {
      "l2_mean": 0.5645988583564758,
      "l2_std": 0.11536505073308945,
      "relative_l2_mean": 1.0144054889678955,
      "cos_mean": 0.0011903607519343495,
      "cos_std": 0.015609224326908588,
      "cos_min": -0.05249365419149399,
      "cos_by_position": {
        "0-16": 2.3209868231788278e-05,
        "16-32": 0.002053534612059593,
        "32-64": 0.0010545675177127123,
        "64-128": 0.0015094347763806581
      },
      "n_holdout": 176497
    },
    "P1": {
      "l2_mean": 0.4095788738242767,
      "l2_std": 0.30668703375356693,
      "relative_l2_mean": 0.6612678835197373,
      "cos_mean": 0.6063539656346315,
      "cos_std": 0.34945427957050895,
      "cos_min": -0.010274134551692751,
      "cos_by_position": {
        "0-16": 0.5729165845099025,
        "16-32": 0.6052178415582675,
        "32-64": 0.6298218915806167,
        "64-128": 0.6020095127591042
      },
      "n_holdout": 176497
    },
    "P2": {
      "l2_mean": 0.5521323680877686,
      "l2_std": 0.1283029019832611,
      "relative_l2_mean": 0.9855767488479614,
      "cos_mean": 0.184425488114357,
      "cos_std": 0.12510964274406433,
      "cos_min": -0.022611191496253014,
      "cos_by_position": {
        "0-16": 0.1697910875082016,
        "16-32": 0.18264788389205933,
        "32-64": 0.19197507202625275,
        "64-128": 0.18612246215343475
      },
      "n_holdout": 176497
    },
    "P3": {
      "l2_mean": 0.5647224187850952,
      "l2_std": 0.1152447834610939,
      "relative_l2_mean": 1.0147068500518799,
      "cos_mean": -0.00046697279321961105,
      "cos_std": 0.01604006253182888,
      "cos_min": -0.062128324061632156,
      "cos_by_position": {
        "0-16": 0.00018612029089126736,
        "16-32": -0.0001842402998590842,
        "32-64": -0.0008761220378801227,
        "64-128": -0.0005855528288520873
      },
      "n_holdout": 176497
    },
    "P4": {
      "l2_mean": 0.4687766432762146,
      "l2_std": 0.1273472011089325,
      "relative_l2_mean": 0.8309707641601562,
      "cos_mean": 0.6673343181610107,
      "cos_std": 0.1719169318675995,
      "cos_min": 0.05803574249148369,
      "cos_by_position": {
        "0-16": 0.6747404932975769,
        "16-32": 0.6821749806404114,
        "32-64": 0.6778354048728943,
        "64-128": 0.6433919072151184
      },
      "n_holdout": 176497
    },
    "P5": {
      "l2_mean": 0.5444493889808655,
      "l2_std": 0.13454584777355194,
      "relative_l2_mean": 0.9685693979263306,
      "cos_mean": 0.2178969830274582,
      "cos_std": 0.1631343513727188,
      "cos_min": -0.010929698124527931,
      "cos_by_position": {
        "0-16": 0.19563819468021393,
        "16-32": 0.21599029004573822,
        "32-64": 0.22302138805389404,
        "64-128": 0.22665686905384064
      },
      "n_holdout": 176497,
      "alpha": -32.63289020481536
    }
  },
  "S1": {
    "P0": {
      "l2_mean": 27.09062957763672,
      "l2_std": 54.3505744934082,
      "relative_l2_mean": 1.00276780128479,
      "cos_mean": 0.0006681050290353596,
      "cos_std": 0.015184666030108929,
      "cos_min": -0.07058371603488922,
      "cos_by_position": {
        "0-16": 0.0012510018423199654,
        "16-32": 0.0016261071432381868,
        "32-64": 0.0002199548325734213,
        "64-128": 0.0002370988659095019
      },
      "n_holdout": 176497
    },
    "P1": {
      "l2_mean": 20.473467600559946,
      "l2_std": 9.542810981747733,
      "relative_l2_mean": 0.9483078365401414,
      "cos_mean": 0.4648101777066071,
      "cos_std": 0.14536248154515763,
      "cos_min": 0.04575906591203568,
      "cos_by_position": {
        "0-16": 0.5372116693052007,
        "16-32": 0.4475003605448571,
        "32-64": 0.46158377969770914,
        "64-128": 0.4359891771492018
      },
      "n_holdout": 176497
    },
    "P2": {
      "l2_mean": 26.117704391479492,
      "l2_std": 53.84033966064453,
      "relative_l2_mean": 0.9631373882293701,
      "cos_mean": 0.3340035676956177,
      "cos_std": 0.13190804421901703,
      "cos_min": -0.04305155947804451,
      "cos_by_position": {
        "0-16": 0.39173707365989685,
        "16-32": 0.3353003263473511,
        "32-64": 0.3323742747306824,
        "64-128": 0.3012274503707886
      },
      "n_holdout": 176497
    },
    "P3": {
      "l2_mean": 27.10485076904297,
      "l2_std": 54.38941192626953,
      "relative_l2_mean": 1.0032601356506348,
      "cos_mean": -0.006050951778888702,
      "cos_std": 0.015504790470004082,
      "cos_min": -0.07484130561351776,
      "cos_by_position": {
        "0-16": -0.005318574141710997,
        "16-32": -0.005851252004504204,
        "32-64": -0.0054870182648301125,
        "64-128": -0.0071838428266346455
      },
      "n_holdout": 176497
    },
    "P4": {
      "l2_mean": 25.064239501953125,
      "l2_std": 52.24934387207031,
      "relative_l2_mean": 0.9211406707763672,
      "cos_mean": 0.4122640788555145,
      "cos_std": 0.13202616572380066,
      "cos_min": 0.006313409190624952,
      "cos_by_position": {
        "0-16": 0.5034409761428833,
        "16-32": 0.411490261554718,
        "32-64": 0.40363454818725586,
        "64-128": 0.3684787452220917
      },
      "n_holdout": 176497
    },
    "P5": {
      "l2_mean": 27.47441864013672,
      "l2_std": 14.66169261932373,
      "relative_l2_mean": 1.2499372959136963,
      "cos_mean": 0.25149643421173096,
      "cos_std": 0.16152746975421906,
      "cos_min": -0.07742230594158173,
      "cos_by_position": {
        "0-16": 0.3086712658405304,
        "16-32": 0.2397192120552063,
        "32-64": 0.24311122298240662,
        "64-128": 0.23372599482536316
      },
      "n_holdout": 176497,
      "alpha": -1085.8386523478111
    }
  },
  "S2": {
    "P0": {
      "l2_mean": 17.5217227935791,
      "l2_std": 73.15550231933594,
      "relative_l2_mean": 1.0433287620544434,
      "cos_mean": -0.0025888439267873764,
      "cos_std": 0.015494827181100845,
      "cos_min": -0.06797138601541519,
      "cos_by_position": {
        "0-16": -0.0020531760528683662,
        "16-32": -0.0027648010291159153,
        "32-64": -0.0025983292143791914,
        "64-128": -0.002789059653878212
      },
      "n_holdout": 176497
    },
    "P1": {
      "l2_mean": 8.746421890459086,
      "l2_std": 9.879016536171827,
      "relative_l2_mean": 0.8962955900804417,
      "cos_mean": 0.5644105127383183,
      "cos_std": 0.11423439729469714,
      "cos_min": -0.001513610331761305,
      "cos_by_position": {
        "0-16": 0.628819161225824,
        "16-32": 0.572288762715579,
        "32-64": 0.554862977542253,
        "64-128": 0.5321921356308575
      },
      "n_holdout": 176497
    },
    "P2": {
      "l2_mean": 19.295734405517578,
      "l2_std": 72.15453338623047,
      "relative_l2_mean": 1.2452508211135864,
      "cos_mean": 0.1966380625963211,
      "cos_std": 0.04851395636796951,
      "cos_min": -0.022889699786901474,
      "cos_by_position": {
        "0-16": 0.21534928679466248,
        "16-32": 0.20825906097888947,
        "32-64": 0.19625110924243927,
        "64-128": 0.1793496012687683
      },
      "n_holdout": 176497
    },
    "P3": {
      "l2_mean": 17.55477523803711,
      "l2_std": 73.44755554199219,
      "relative_l2_mean": 1.0435361862182617,
      "cos_mean": -0.003600908676162362,
      "cos_std": 0.015148340724408627,
      "cos_min": -0.07470826059579849,
      "cos_by_position": {
        "0-16": -0.00288414373062551,
        "16-32": -0.002965634921565652,
        "32-64": -0.002813273575156927,
        "64-128": -0.005214205011725426
      },
      "n_holdout": 176497
    },
    "P4": {
      "l2_mean": 8.834335327148438,
      "l2_std": 16.284881591796875,
      "relative_l2_mean": 0.801055371761322,
      "cos_mean": 0.6294757127761841,
      "cos_std": 0.10270567238330841,
      "cos_min": 0.001552349771372974,
      "cos_by_position": {
        "0-16": 0.7040824294090271,
        "16-32": 0.6543890237808228,
        "32-64": 0.6272342801094055,