{
  "S3_P4": {
    "kl_median": 8.689248085021973,
    "kl_mean": 8.851204872131348,
    "kl_p90": 16.726091384887695,
    "top1_agreement": 0.12385877966880798,
    "top5_overlap": 0.146055206656456,
    "kl_by_position": {
      "0-16": 1.069861888885498,
      "16-32": 7.402484893798828,
      "32-64": 9.784784317016602,
      "64-128": 10.977714538574219
    },
    "n_tokens": 18949,
    "n_inputs": 411
  },
  "S3_P1": {
    "kl_median": 11.67280387878418,
    "kl_mean": 11.605506896972656,
    "kl_p90": 19.039785385131836,
    "top1_agreement": 0.05567575991153717,
    "top5_overlap": 0.07376642525196075,
    "kl_by_position": {
      "0-16": 6.660207748413086,
      "16-32": 10.775810241699219,
      "32-64": 12.467183113098145,
      "64-128": 13.056536674499512
    },
    "n_tokens": 18949,
    "n_inputs": 411
  },
  "S3_P0": {
    "kl_median": 10.629589080810547,
    "kl_mean": 11.281105041503906,
    "kl_p90": 16.87485122680664,
    "top1_agreement": 0.005541189573705196,
    "top5_overlap": 0.020169930532574654,
    "kl_by_position": {
      "0-16": 9.200777053833008,
      "16-32": 10.496538162231445,
      "32-64": 10.932518005371094,
      "64-128": 11.157707214355469
    },
    "n_tokens": 18949,
    "n_inputs": 411
  },
  "S2_P4": {
    "kl_median": 6.922507286071777,
    "kl_mean": 7.3701653480529785,
    "kl_p90": 12.256382942199707,
    "top1_agreement": 0.03066124953329563,
    "top5_overlap": 0.05653068423271179,
    "kl_by_position": {
      "0-16": 4.593757152557373,
      "16-32": 6.670779228210449,
      "32-64": 7.365272521972656,
      "64-128": 7.670958518981934
    },
    "n_tokens": 18949,
    "n_inputs": 411
  },
  "S2_P1": {
    "kl_median": 9.935037612915039,
    "kl_mean": 10.157912254333496,
    "kl_p90": 16.914031982421875,
    "top1_agreement": 0.046334899961948395,
    "top5_overlap": 0.06671592593193054,
    "kl_by_position": {
      "0-16": 5.904777526855469,
      "16-32": 9.184569358825684,
      "32-64": 10.63789176940918,
      "64-128": 11.31085205078125
    },
    "n_tokens": 18949,
    "n_inputs": 411
  },
  "S1_P4": {
    "kl_median": 7.332922458648682,
    "kl_mean": 8.080376625061035,
    "kl_p90": 13.407540321350098,
    "top1_agreement": 0.0036413532216101885,
    "top5_overlap": 0.025552799925208092,
    "kl_by_position": {
      "0-16": 6.052260875701904,
      "16-32": 7.078998565673828,
      "32-64": 7.473113059997559,
      "64-128": 7.784189224243164
    },
    "n_tokens": 18949,
    "n_inputs": 411
  },
  "S4_P4": {
    "kl_median": 10.431861877441406,
    "kl_mean": 10.087662696838379,
    "kl_p90": 17.506162643432617,
    "top1_agreement": 0.09003113955259323,
    "top5_overlap": 0.10582089424133301,
    "kl_by_position": {
      "0-16": 2.6830763816833496,
      "16-32": 9.269554138183594,
      "32-64": 11.260387420654297,
      "64-128": 12.06680679321289
    },
    "n_tokens": 18949,
    "n_inputs": 411
  },
  "S0_P4": {
    "kl_median": 16.76313018798828,
    "kl_mean": 16.340396881103516,
    "kl_p90": 20.897703170776367,
    "top1_agreement": 0.00221647578291595,
    "top5_overlap": 0.010164124891161919,
    "kl_by_position": {
      "0-16": 12.621002197265625,
      "16-32": 16.28188705444336,
      "32-64": 17.449010848999023,
      "64-128": 17.57645606994629
    },
    "n_tokens": 18949,
    "n_inputs": 411
  },
  "S5_P4": {
    "kl_median": 12.126398086547852,
    "kl_mean": 11.938227653503418,
    "kl_p90": 21.86233901977539,
    "top1_agreement": 0.10164124518632889,
    "top5_overlap": 0.12025965005159378,
    "kl_by_position": {
      "0-16": 2.537416934967041,
      "16-32": 10.348020553588867,
      "32-64": 13.337087631225586,
      "64-128": 14.335143089294434
    },
    "n_tokens": 18949,
    "n_inputs": 411
  },
  "S3_P3": {
    "kl_median": 10.646724700927734,
    "kl_mean": 11.223797798156738,
    "kl_p90": 16.04582977294922,
    "top1_agreement": 0.0021637026220560074,
    "top5_overlap": 0.012380600906908512,
    "kl_by_position": {
      "0-16": 9.274642944335938,
      "16-32": 10.656317710876465,
      "32-64": 10.904497146606445,
      "64-128": 11.140703201293945
    },
    "n_tokens": 18949,
    "n_inputs": 411
  }
}