{
  "trained_bridge": {
    "0.0": {
      "chinese": {
        "loss": 4.1439453125,
        "kl": 2.05481300653787e-05,
        "top1": 1.0
      },
      "english": {
        "loss": 4.5783203125,
        "kl": 4.001764608574376e-08,
        "top1": 1.0
      },
      "code": {
        "loss": 2.171875,
        "kl": -1.4678219670827274e-07,
        "top1": 1.0
      },
      "math": {
        "loss": 1.99140625,
        "kl": -1.9592248889921392e-08,
        "top1": 1.0
      },
      "french": {
        "loss": 3.921484375,
        "kl": 4.905548749434274e-08,
        "top1": 1.0
      }
    },
    "0.01": {
      "chinese": {
        "loss": 4.1357421875,
        "kl": 0.002849758742377162,
        "top1": 0.9888888895511627
      },
      "english": {
        "loss": 4.5328125,
        "kl": 0.001975295995362103,
        "top1": 1.0
      },
      "code": {
        "loss": 2.1693359375,
        "kl": 0.0036648164968937635,
        "top1": 1.0
      },
      "math": {
        "loss": 1.9818359375,
        "kl": 0.0017031672410666942,
        "top1": 1.0
      },
      "french": {
        "loss": 3.9046875,
        "kl": 0.0013139411341398955,
        "top1": 0.9833333373069764
      }
    },
    "0.05": {
      "chinese": {
        "loss": 4.10234375,
        "kl": 0.0557240080088377,
        "top1": 0.8736868798732758
      },
      "english": {
        "loss": 4.355859375,
        "kl": 0.04352699629962444,
        "top1": 1.0
      },
      "code": {
        "loss": 2.1453125,
        "kl": 0.06794668734073639,
        "top1": 0.9800000071525574
      },
      "math": {
        "loss": 1.93359375,
        "kl": 0.031258496642112735,
        "top1": 0.9904761910438538
      },
      "french": {
        "loss": 3.839453125,
        "kl": 0.03176826648414135,
        "top1": 0.9690476298332215
      }
    },
    "0.1": {
      "chinese": {
        "loss": 4.0400390625,
        "kl": 0.2414392650127411,
        "top1": 0.8200757682323456
      },
      "english": {
        "loss": 4.1294921875,
        "kl": 0.16616085171699524,
        "top1": 0.986057698726654
      },
      "code": {
        "loss": 2.0998046875,
        "kl": 0.23031023740768433,
        "top1": 0.9800000071525574
      },
      "math": {
        "loss": 1.870703125,
        "kl": 0.1178501695394516,
        "top1": 0.9747838854789734
      },
      "french": {
        "loss": 3.75546875,
        "kl": 0.13722388148307801,
        "top1": 0.9547619223594666
      }
    },
    "0.2": {
      "chinese": {
        "loss": 3.9748046875,
        "kl": 1.4275002479553223,
        "top1": 0.8089646577835083
      },
      "english": {
        "loss": 3.681640625,
        "kl": 0.6377009332180024,
        "top1": 0.9777243673801422
      },
      "code": {
        "loss": 1.9978515625,
        "kl": 0.8090214848518371,
        "top1": 0.9800000071525574
      },
      "math": {
        "loss": 1.7484375,
        "kl": 0.44634267687797546,
        "top1": 0.9670915842056275
      },
      "french": {
        "loss": 3.5875,
        "kl": 0.6662592053413391,
        "top1": 0.9404762029647827
      }
    },
    "0.3": {
      "chinese": {
        "loss": 4.0330078125,
        "kl": 2.6353747606277467,
        "top1": 0.8073737502098084
      },
      "english": {
        "loss": 3.273828125,
        "kl": 1.5316416025161743,
        "top1": 0.9192744851112366
      },
      "code": {
        "loss": 1.905859375,
        "kl": 1.8370163679122924,
        "top1": 0.9561904907226563
      },
      "math": {
        "loss": 1.64140625,
        "kl": 1.08339821100235,
        "top1": 0.9418754577636719
      },
      "french": {
        "loss": 3.455078125,
        "kl": 1.8265281915664673,
        "top1": 0.8669898867607116
      }
    },
    "0.5": {
      "chinese": {
        "loss": 4.096875,
        "kl": 4.535349202156067,
        "top1": 0.7399495065212249
      },
      "english": {
        "loss": 2.84248046875,
        "kl": 5.705655455589294,
        "top1": 0.7868390142917633
      },
      "code": {
        "loss": 1.8833984375,
        "kl": 5.815205097198486,
        "top1": 0.8603030681610108
      },
      "math": {
        "loss": 1.5458984375,
        "kl": 4.18199520111084,
        "top1": 0.8973040342330932
      },
      "french": {
        "loss": 3.2859375,
        "kl": 5.696101713180542,
        "top1": 0.7617388725280761
      }
    },
    "0.7": {
      "chinese": {
        "loss": 4.0259765625,
        "kl": 7.054761981964111,
        "top1": 0.5428788006305695
      },
      "english": {
        "loss": 2.7466796875,
        "kl": 11.131785535812378,
        "top1": 0.720623978972435
      },
      "code": {
        "loss": 2.00078125,
        "kl": 10.742612648010255,
        "top1": 0.8117316365242004
      },
      "math": {
        "loss": 1.538671875,
        "kl": 8.037083625793457,
        "top1": 0.8130549550056457
      },
      "french": {
        "loss": 3.123828125,
        "kl": 11.425016593933105,
        "top1": 0.6874402284622192
      }
    },
    "1.0": {
      "chinese": {
        "loss": 17.765625,
        "kl": 103.30928459167481,
        "top1": 0.0
      },
      "english": {
        "loss": 3.2548828125,
        "kl": 22.370558166503905,
        "top1": 0.5379179298877717
      },
      "code": {
        "loss": 3.362109375,
        "kl": 32.96650276184082,
        "top1": 0.5281385362148285
      },
      "math": {
        "loss": 1.990625,
        "kl": 20.132878875732423,
        "top1": 0.6347838938236237
      },
      "french": {
        "loss": 4.4486328125,
        "kl": 45.087181091308594,
        "top1": 0.4748847380280495
      }
    }
  },
  "procrustes": {
    "0.0": {
      "chinese": {
        "loss": 4.1439453125,
        "kl": 2.05481300653787e-05,
        "top1": 1.0
      },
      "english": {
        "loss": 4.5783203125,
        "kl": 4.001764608574376e-08,
        "top1": 1.0
      },
      "code": {
        "loss": 2.171875,
        "kl": -1.4678219670827274e-07,
        "top1": 1.0
      },
      "math": {
        "loss": 1.99140625,
        "kl": -1.9592248889921392e-08,
        "top1": 1.0
      },
      "french": {
        "loss": 3.921484375,
        "kl": 4.905548749434274e-08,
        "top1": 1.0
      }
    },
    "0.01": {
      "chinese": {
        "loss": 4.145703125,
        "kl": 0.0008972849929705263,
        "top1": 1.0
      },
      "english": {
        "loss": 4.57265625,
        "kl": 0.0007079161005094647,
        "top1": 1.0
      },
      "code": {
        "loss": 2.17421875,
        "kl": 0.0009275010321289301,
        "top1": 1.0
      },
      "math": {
        "loss": 1.990625,
        "kl": 0.0014628521166741848,
        "top1": 1.0
      },
      "french": {
        "loss": 3.913671875,
        "kl": 0.0009684995049610734,
        "top1": 1.0
      }
    },
    "0.05": {
      "chinese": {
        "loss": 4.1515625,
        "kl": 0.018488713540136814,
        "top1": 0.8952777862548829
      },
      "english": {
        "loss": 4.5521484375,
        "kl": 0.01552581312134862,
        "top1": 0.9916666686534882
      },
      "code": {
        "loss": 2.18046875,
        "kl": 0.019461931101977824,
        "top1": 0.9800000071525574
      },
      "math": {
        "loss": 1.98203125,
        "kl": 0.03334222473204136,
        "top1": 0.972952377796173
      },
      "french": {
        "loss": 3.875,
        "kl": 0.023012365587055682,
        "top1": 0.9372829318046569
      }
    },
    "0.1": {
      "chinese": {
        "loss": 4.1626953125,
        "kl": 0.07132949195802211,
        "top1": 0.8861868798732757
      },
      "english": {
        "loss": 4.5314453125,
        "kl": 0.06156330034136772,
        "top1": 0.9791666686534881
      },
      "code": {
        "loss": 2.19140625,
        "kl": 0.07500716522336007,
        "top1": 0.9800000071525574
      },
      "math": {
        "loss": 1.9755859375,
        "kl": 0.14057056605815887,