{
  "native_llama": {
    "loss": 1.9493663359608588,
    "perplexity": 7.02423516484397,
    "top1": 0.6100842620277249,
    "top5": 0.0,
    "tokens": 14716
  },
  "identity_baseline": {
    "loss": 11.66628386137945,
    "perplexity": 116574.27020815318,
    "top1": 0.019860839019117747,
    "top5": 0.06066337904478822,
    "tokens": 14803
  },
  "procrustes_untrained": {
    "loss": 7.517327568736067,
    "perplexity": 1839.644395731821,
    "top1": 0.08633385124636898,
    "top5": 0.1709788556373708,
    "tokens": 14803
  },
  "procrustes_trained_final": {
    "step": 6750,
    "phase": "epoch_end",
    "epoch": 3,
    "loss": 2.5770451935418497,
    "perplexity": 13.158200725216313,
    "top1": 0.5168546916165642,
    "top5": 0.7172870364115382,
    "tokens": 14803
  },
  "random_trained_final": {
    "step": 6750,
    "phase": "epoch_end",
    "epoch": 3,
    "loss": 5.381814497061407,
    "perplexity": 217.41641918417236,
    "top1": 0.22495440113490509,
    "top5": 0.3884347767344457,
    "tokens": 14803
  }
}