{
  "code": {
    "native_loss": 0.6500633507981588,
    "bridge_loss": 0.007381374578426452,
    "gap": -0.6426819762197323,
    "bridge_top1": 0.9979433943786113,
    "bridge_top5": 1.0,
    "procrustes_loss": 9.44672412104593,
    "mlp_loss": 0.037594739282391536,
    "training_gain": 9.439342746467505,
    "rank_95": 283,
    "bridge_pos_kl": {
      "0-16": 0.04571286134421825,
      "16-32": 0.00026718407869338987,
      "32-64": 0.00024339411407709122,
      "64-128": 0.00026975235454806566
    },
    "procrustes_pos_kl": {
      "0-16": 9.6557958984375,
      "16-32": 8.750430297851562,
      "32-64": 9.44586669921875,
      "64-128": 9.65185585312254
    }
  },
  "conversational": {
    "native_loss": 2.0870784985168385,
    "bridge_loss": 1.49641938437391,
    "gap": -0.5906591141429285,
    "bridge_top1": 0.6217300313916987,
    "bridge_top5": 0.8672828740844087,
    "procrustes_loss": 9.239666899197768,
    "mlp_loss": 1.5863053714684339,
    "training_gain": 7.743247514823858,
    "rank_95": 1098,
    "bridge_pos_kl": {
      "0-16": 1.718473771859767,
      "16-32": 1.2131976129891844,
      "32-64": 1.4548454357307345,
      "64-128": 1.5689584957003224
    },
    "procrustes_pos_kl": {
      "0-16": 9.644435915988735,
      "16-32": 8.865948758686905,
      "32-64": 9.02620255374069,
      "64-128": 9.379972003192725
    }
  },
  "english_web": {
    "native_loss": 2.4117407161803714,
    "bridge_loss": 2.3342952451551415,
    "gap": -0.07744547102522992,
    "bridge_top1": 0.502594514455152,
    "bridge_top5": 0.7448903950015885,
    "procrustes_loss": 9.18839351900879,
    "mlp_loss": 2.454096288255851,
    "training_gain": 6.854098273853648,
    "rank_95": 1333,
    "bridge_pos_kl": {
      "0-16": 2.861731677129865,
      "16-32": 2.1404891070685808,
      "32-64": 2.2176277888584863,
      "64-128": 2.2728536920206888
    },
    "procrustes_pos_kl": {
      "0-16": 9.435670776367187,
      "16-32": 8.988378288172468,
      "32-64": 9.154975838649113,
      "64-128": 9.191190011160714
    }
  },
  "math_reasoning": {
    "native_loss": 1.6431466661137835,
    "bridge_loss": 1.2520798841059602,
    "gap": -0.3910667820078233,
    "bridge_top1": 0.6856788079470199,
    "bridge_top5": 0.8929635761589404,
    "procrustes_loss": 9.136920529801325,
    "mlp_loss": 1.327369619205298,
    "training_gain": 7.884840645695364,
    "rank_95": 872,
    "bridge_pos_kl": {
      "0-16": 2.606159335002303,
      "16-32": 1.6506439924240113,
      "32-64": 1.2300293408706784,
      "64-128": 0.7707078578396582
    },
    "procrustes_pos_kl": {
      "0-16": 10.45346923828125,
      "16-32": 9.177334594726563,
      "32-64": 9.2011962890625,
      "64-128": 8.719578874614877
    }
  },
  "mixed_edge": {
    "native_loss": 2.066762871549894,
    "bridge_loss": 2.5859550376336986,
    "gap": 0.5191921660838048,
    "bridge_top1": 0.5102337250759277,
    "bridge_top5": 0.7079096791232008,
    "procrustes_loss": 7.411461772085039,
    "mlp_loss": 2.9433843919186584,
    "training_gain": 4.82550673445134,
    "rank_95": 204,
    "bridge_pos_kl": {
      "0-16": 4.064254480749368,
      "16-32": 2.0123608370870354,
      "32-64": 2.439569556642762,
      "64-128": 1.896482003837744
    },
    "procrustes_pos_kl": {
      "0-16": 8.053981323242187,
      "16-32": 7.58950927734375,
      "32-64": 7.604925047726484,
      "64-128": 6.159166596849866
    }
  },
  "multilingual": {
    "native_loss": 2.230025007427949,
    "bridge_loss": 2.174315203468322,
    "gap": -0.05570980395962666,
    "bridge_top1": 0.5383781653364863,
    "bridge_top5": 0.7638190954773869,
    "procrustes_loss": 7.304808355503005,
    "mlp_loss": 2.3276092472164747,
    "training_gain": 5.130493152034683,
    "rank_95": 1204,
    "bridge_pos_kl": {
      "0-16": 2.768576741144061,
      "16-32": 2.003241694071069,
      "32-64": 2.0433879405911783,
      "64-128": 2.100397296558557
    },
    "procrustes_pos_kl": {
      "0-16": 7.613038787841797,
      "16-32": 7.047429501897813,
      "32-64": 7.139386924841635,
      "64-128": 7.401207679099503
    }
  }
}